id,property_id,photo_name
1,1,/upload/property/multiImage/
2,2,/upload/property/multiImage/
3,3,/upload/property/multiImage/
4,4,/upload/property/multiImage/
5,5,/upload/property/multiImage/
6,6,/upload/property/multiImage/
7,7,/upload/property/multiImage/
8,8,/upload/property/multiImage/
9,9,/upload/property/multiImage/
10,10,/upload/property/multiImage/
11,11,/upload/property/multiImage/
12,12,/upload/property/multiImage/
13,13,/upload/property/multiImage/
14,14,/upload/property/multiImage/
15,15,/upload/property/multiImage/
16,16,/upload/property/multiImage/
17,17,/upload/property/multiImage/
18,18,/upload/property/multiImage/
19,19,/upload/property/multiImage/
20,20,/upload/property/multiImage/
21,21,/upload/property/multiImage/
22,22,/upload/property/multiImage/
24,24,/upload/property/multiImage/
25,25,/upload/property/multiImage/
26,26,/upload/property/multiImage/
27,27,/upload/property/multiImage/
28,28,/upload/property/multiImage/
29,29,/upload/property/multiImage/
30,30,/upload/property/multiImage/
31,31,/upload/property/multiImage/
32,32,/upload/property/multiImage/
33,33,/upload/property/multiImage/
34,34,/upload/property/multiImage/
36,36,/upload/property/multiImage/
37,37,/upload/property/multiImage/
38,38,/upload/property/multiImage/
39,39,/upload/property/multiImage/
40,40,/upload/property/multiImage/
41,41,/upload/property/multiImage/
42,42,/upload/property/multiImage/
43,43,/upload/property/multiImage/
44,44,/upload/property/multiImage/
45,45,/upload/property/multiImage/
46,46,/upload/property/multiImage/
47,47,/upload/property/multiImage/
48,48,/upload/property/multiImage/
49,49,/upload/property/multiImage/
50,50,/upload/property/multiImage/
51,51,/upload/property/multiImage/
53,53,/upload/property/multiImage/
54,54,/upload/property/multiImage/
55,55,/upload/property/multiImage/
56,56,/upload/property/multiImage/
57,57,/upload/property/multiImage/
58,58,/upload/property/multiImage/
59,59,/upload/property/multiImage/
60,60,/upload/property/multiImage/
61,61,/upload/property/multiImage/
62,62,/upload/property/multiImage/
63,63,/upload/property/multiImage/
64,64,/upload/property/multiImage/
65,65,/upload/property/multiImage/
66,66,/upload/property/multiImage/
67,67,/upload/property/multiImage/
68,68,/upload/property/multiImage/
69,69,/upload/property/multiImage/
70,70,/upload/property/multiImage/
71,71,/upload/property/multiImage/
72,72,/upload/property/multiImage/
73,73,/upload/property/multiImage/
74,74,/upload/property/multiImage/
75,75,/upload/property/multiImage/
76,76,/upload/property/multiImage/
77,77,/upload/property/multiImage/
78,78,/upload/property/multiImage/
79,79,/upload/property/multiImage/
80,80,/upload/property/multiImage/
81,81,/upload/property/multiImage/
82,82,/upload/property/multiImage/
83,83,/upload/property/multiImage/
84,84,/upload/property/multiImage/
85,85,/upload/property/multiImage/
86,86,/upload/property/multiImage/
87,87,/upload/property/multiImage/
88,88,/upload/property/multiImage/
89,89,/upload/property/multiImage/
90,90,/upload/property/multiImage/
91,91,/upload/property/multiImage/
92,92,/upload/property/multiImage/
93,93,/upload/property/multiImage/
94,94,/upload/property/multiImage/
95,95,/upload/property/multiImage/
96,96,/upload/property/multiImage/
97,97,/upload/property/multiImage/
98,98,/upload/property/multiImage/
99,99,/upload/property/multiImage/
100,100,/upload/property/multiImage/
101,101,/upload/property/multiImage/
102,102,/upload/property/multiImage/
103,103,/upload/property/multiImage/
104,104,/upload/property/multiImage/
105,105,/upload/property/multiImage/
106,106,/upload/property/multiImage/
107,107,/upload/property/multiImage/
108,108,/upload/property/multiImage/
109,109,/upload/property/multiImage/
110,110,/upload/property/multiImage/
111,111,/upload/property/multiImage/
112,112,/upload/property/multiImage/
113,113,/upload/property/multiImage/
114,114,/upload/property/multiImage/
115,115,/upload/property/multiImage/
116,116,/upload/property/multiImage/
117,117,/upload/property/multiImage/
118,118,/upload/property/multiImage/
119,119,/upload/property/multiImage/
120,120,/upload/property/multiImage/
121,121,/upload/property/multiImage/
122,122,/upload/property/multiImage/
123,123,/upload/property/multiImage/
124,124,/upload/property/multiImage/
125,125,/upload/property/multiImage/
126,126,/upload/property/multiImage/
127,127,/upload/property/multiImage/
128,128,/upload/property/multiImage/
129,129,/upload/property/multiImage/
130,130,/upload/property/multiImage/
131,131,/upload/property/multiImage/
132,132,/upload/property/multiImage/
133,133,/upload/property/multiImage/
134,134,/upload/property/multiImage/
135,135,/upload/property/multiImage/
136,136,/upload/property/multiImage/
137,137,/upload/property/multiImage/
138,138,/upload/property/multiImage/
139,139,/upload/property/multiImage/
140,140,/upload/property/multiImage/
141,141,/upload/property/multiImage/
142,142,/upload/property/multiImage/
143,143,/upload/property/multiImage/
144,144,/upload/property/multiImage/
145,145,/upload/property/multiImage/
146,146,/upload/property/multiImage/
147,147,/upload/property/multiImage/
148,148,/upload/property/multiImage/
149,149,/upload/property/multiImage/
150,150,/upload/property/multiImage/
151,151,/upload/property/multiImage/
152,152,/upload/property/multiImage/
153,153,/upload/property/multiImage/
154,154,/upload/property/multiImage/
155,155,/upload/property/multiImage/
156,156,/upload/property/multiImage/
157,157,/upload/property/multiImage/
158,158,/upload/property/multiImage/
159,159,/upload/property/multiImage/
160,160,/upload/property/multiImage/
161,161,/upload/property/multiImage/
162,162,/upload/property/multiImage/
163,163,/upload/property/multiImage/
164,164,/upload/property/multiImage/
165,165,/upload/property/multiImage/
166,166,/upload/property/multiImage/
167,167,/upload/property/multiImage/
168,168,/upload/property/multiImage/
169,169,/upload/property/multiImage/
170,170,/upload/property/multiImage/
171,171,/upload/property/multiImage/
172,172,/upload/property/multiImage/
173,173,/upload/property/multiImage/
181,181,/upload/property/multiImage/
182,182,/upload/property/multiImage/
183,183,/upload/property/multiImage/
184,184,/upload/property/multiImage/
185,185,/upload/property/multiImage/
186,186,/upload/property/multiImage/
187,187,/upload/property/multiImage/
188,188,/upload/property/multiImage/
189,189,/upload/property/multiImage/
190,190,/upload/property/multiImage/
191,191,/upload/property/multiImage/
192,192,/upload/property/multiImage/
193,193,/upload/property/multiImage/
194,194,/upload/property/multiImage/
195,195,/upload/property/multiImage/
196,196,/upload/property/multiImage/
197,197,/upload/property/multiImage/
198,198,/upload/property/multiImage/
199,199,/upload/property/multiImage/
200,200,/upload/property/multiImage/
201,201,/upload/property/multiImage/
202,202,/upload/property/multiImage/
203,203,/upload/property/multiImage/
204,204,/upload/property/multiImage/
205,205,/upload/property/multiImage/
206,206,/upload/property/multiImage/
207,207,/upload/property/multiImage/
208,208,/upload/property/multiImage/
209,209,/upload/property/multiImage/
210,210,/upload/property/multiImage/
211,211,/upload/property/multiImage/
212,212,/upload/property/multiImage/
213,213,/upload/property/multiImage/
214,214,/upload/property/multiImage/
215,215,/upload/property/multiImage/
216,216,/upload/property/multiImage/
217,217,/upload/property/multiImage/
218,218,/upload/property/multiImage/
219,219,/upload/property/multiImage/
220,220,/upload/property/multiImage/
221,221,/upload/property/multiImage/
222,222,/upload/property/multiImage/
223,223,/upload/property/multiImage/
224,224,/upload/property/multiImage/
225,225,/upload/property/multiImage/
226,226,/upload/property/multiImage/
227,227,/upload/property/multiImage/
228,228,/upload/property/multiImage/
229,229,/upload/property/multiImage/
230,230,/upload/property/multiImage/
231,231,/upload/property/multiImage/
232,232,/upload/property/multiImage/
233,233,/upload/property/multiImage/
234,234,/upload/property/multiImage/
235,235,/upload/property/multiImage/
236,236,/upload/property/multiImage/
237,237,/upload/property/multiImage/
238,238,/upload/property/multiImage/
239,239,/upload/property/multiImage/
240,240,/upload/property/multiImage/
241,241,/upload/property/multiImage/
242,242,/upload/property/multiImage/
243,243,/upload/property/multiImage/
244,244,/upload/property/multiImage/
245,245,/upload/property/multiImage/
246,246,/upload/property/multiImage/
247,247,/upload/property/multiImage/
248,248,/upload/property/multiImage/
249,249,/upload/property/multiImage/
250,250,/upload/property/multiImage/
251,251,/upload/property/multiImage/
253,253,/upload/property/multiImage/
254,254,/upload/property/multiImage/
255,255,/upload/property/multiImage/
256,256,/upload/property/multiImage/
257,257,/upload/property/multiImage/
258,258,/upload/property/multiImage/
259,259,/upload/property/multiImage/
260,260,/upload/property/multiImage/
261,261,/upload/property/multiImage/
262,262,/upload/property/multiImage/
263,263,/upload/property/multiImage/
264,264,/upload/property/multiImage/
265,265,/upload/property/multiImage/
266,266,/upload/property/multiImage/
267,267,/upload/property/multiImage/
268,268,/upload/property/multiImage/
269,269,/upload/property/multiImage/
270,270,/upload/property/multiImage/
271,271,/upload/property/multiImage/
272,272,/upload/property/multiImage/
273,273,/upload/property/multiImage/
274,274,/upload/property/multiImage/
275,275,/upload/property/multiImage/
276,276,/upload/property/multiImage/
277,277,/upload/property/multiImage/
278,278,/upload/property/multiImage/
279,279,/upload/property/multiImage/
280,280,/upload/property/multiImage/
281,281,/upload/property/multiImage/
282,282,/upload/property/multiImage/
283,283,/upload/property/multiImage/
284,284,/upload/property/multiImage/
285,285,/upload/property/multiImage/
286,286,/upload/property/multiImage/
287,287,/upload/property/multiImage/
288,288,/upload/property/multiImage/
289,289,/upload/property/multiImage/
290,290,/upload/property/multiImage/
291,291,/upload/property/multiImage/
292,292,/upload/property/multiImage/
293,293,/upload/property/multiImage/
294,294,/upload/property/multiImage/
295,295,/upload/property/multiImage/
296,296,/upload/property/multiImage/
297,297,/upload/property/multiImage/
298,298,/upload/property/multiImage/
299,299,/upload/property/multiImage/
300,300,/upload/property/multiImage/
301,301,/upload/property/multiImage/
302,302,/upload/property/multiImage/
303,303,/upload/property/multiImage/
304,304,/upload/property/multiImage/
305,305,/upload/property/multiImage/
306,306,/upload/property/multiImage/
307,307,/upload/property/multiImage/
308,308,/upload/property/multiImage/
309,309,/upload/property/multiImage/
310,310,/upload/property/multiImage/
311,311,/upload/property/multiImage/
312,312,/upload/property/multiImage/
313,313,/upload/property/multiImage/
314,314,/upload/property/multiImage/
315,315,/upload/property/multiImage/
316,316,/upload/property/multiImage/
317,317,/upload/property/multiImage/
318,318,/upload/property/multiImage/
319,319,/upload/property/multiImage/
320,320,/upload/property/multiImage/
321,321,/upload/property/multiImage/
322,322,/upload/property/multiImage/
323,323,/upload/property/multiImage/
324,324,/upload/property/multiImage/
325,325,/upload/property/multiImage/
326,326,/upload/property/multiImage/
327,327,/upload/property/multiImage/
328,328,/upload/property/multiImage/
329,329,/upload/property/multiImage/
330,330,/upload/property/multiImage/
331,331,/upload/property/multiImage/
332,332,/upload/property/multiImage/
333,333,/upload/property/multiImage/
334,334,/upload/property/multiImage/
335,335,/upload/property/multiImage/
336,336,/upload/property/multiImage/
337,337,/upload/property/multiImage/
338,338,/upload/property/multiImage/
339,339,/upload/property/multiImage/
340,340,/upload/property/multiImage/
341,341,/upload/property/multiImage/
342,342,/upload/property/multiImage/
343,343,/upload/property/multiImage/
344,344,/upload/property/multiImage/
345,345,/upload/property/multiImage/
346,346,/upload/property/multiImage/
347,347,/upload/property/multiImage/
348,348,/upload/property/multiImage/
349,349,/upload/property/multiImage/
350,350,/upload/property/multiImage/
351,351,/upload/property/multiImage/
352,352,/upload/property/multiImage/
353,353,/upload/property/multiImage/
354,354,/upload/property/multiImage/
355,355,/upload/property/multiImage/
356,356,/upload/property/multiImage/
357,357,/upload/property/multiImage/
358,358,/upload/property/multiImage/
359,359,/upload/property/multiImage/
360,360,/upload/property/multiImage/
361,361,/upload/property/multiImage/
362,362,/upload/property/multiImage/
363,363,/upload/property/multiImage/
364,364,/upload/property/multiImage/
365,365,/upload/property/multiImage/
366,366,/upload/property/multiImage/
367,367,/upload/property/multiImage/
368,368,/upload/property/multiImage/
369,369,/upload/property/multiImage/
370,370,/upload/property/multiImage/
371,371,/upload/property/multiImage/
372,372,/upload/property/multiImage/
373,373,/upload/property/multiImage/
374,374,/upload/property/multiImage/
375,375,/upload/property/multiImage/
376,376,/upload/property/multiImage/
377,377,/upload/property/multiImage/
378,378,/upload/property/multiImage/
379,379,/upload/property/multiImage/
380,380,/upload/property/multiImage/
381,381,/upload/property/multiImage/
382,382,/upload/property/multiImage/
383,383,/upload/property/multiImage/
384,384,/upload/property/multiImage/
385,385,/upload/property/multiImage/
386,386,/upload/property/multiImage/
387,387,/upload/property/multiImage/
388,388,/upload/property/multiImage/
389,389,/upload/property/multiImage/
390,390,/upload/property/multiImage/
391,391,/upload/property/multiImage/
392,392,/upload/property/multiImage/
393,393,/upload/property/multiImage/
394,394,/upload/property/multiImage/
395,395,/upload/property/multiImage/
396,396,/upload/property/multiImage/
397,397,/upload/property/multiImage/
398,398,/upload/property/multiImage/
399,399,/upload/property/multiImage/
400,400,/upload/property/multiImage/
401,401,/upload/property/multiImage/
402,402,/upload/property/multiImage/
403,403,/upload/property/multiImage/
404,404,/upload/property/multiImage/
405,405,/upload/property/multiImage/
406,406,/upload/property/multiImage/
407,407,/upload/property/multiImage/
408,408,/upload/property/multiImage/
409,409,/upload/property/multiImage/
410,410,/upload/property/multiImage/
411,411,/upload/property/multiImage/
412,412,/upload/property/multiImage/
413,413,/upload/property/multiImage/
414,414,/upload/property/multiImage/
415,415,/upload/property/multiImage/
416,416,/upload/property/multiImage/
417,417,/upload/property/multiImage/
418,418,/upload/property/multiImage/
419,419,/upload/property/multiImage/
420,420,/upload/property/multiImage/
421,421,/upload/property/multiImage/
422,422,/upload/property/multiImage/
423,423,/upload/property/multiImage/
424,424,/upload/property/multiImage/
425,425,/upload/property/multiImage/
426,426,/upload/property/multiImage/
427,427,/upload/property/multiImage/
428,428,/upload/property/multiImage/
429,429,/upload/property/multiImage/
430,430,/upload/property/multiImage/
431,431,/upload/property/multiImage/
432,432,/upload/property/multiImage/
433,433,/upload/property/multiImage/
434,434,/upload/property/multiImage/
435,435,/upload/property/multiImage/
436,436,/upload/property/multiImage/
437,437,/upload/property/multiImage/
438,438,/upload/property/multiImage/
439,439,/upload/property/multiImage/
440,440,/upload/property/multiImage/
441,441,/upload/property/multiImage/
442,442,/upload/property/multiImage/
443,443,/upload/property/multiImage/
444,444,/upload/property/multiImage/
445,445,/upload/property/multiImage/
446,446,/upload/property/multiImage/
447,447,/upload/property/multiImage/
448,448,/upload/property/multiImage/
449,449,/upload/property/multiImage/
450,450,/upload/property/multiImage/
451,451,/upload/property/multiImage/
452,452,/upload/property/multiImage/
453,453,/upload/property/multiImage/
454,454,/upload/property/multiImage/
455,455,/upload/property/multiImage/
456,456,/upload/property/multiImage/
457,457,/upload/property/multiImage/
458,458,/upload/property/multiImage/
459,459,/upload/property/multiImage/
460,460,/upload/property/multiImage/
461,461,/upload/property/multiImage/
462,462,/upload/property/multiImage/
463,463,/upload/property/multiImage/
464,464,/upload/property/multiImage/
465,465,/upload/property/multiImage/
466,466,/upload/property/multiImage/
467,467,/upload/property/multiImage/
468,468,/upload/property/multiImage/
469,469,/upload/property/multiImage/
470,470,/upload/property/multiImage/
471,471,/upload/property/multiImage/
472,472,/upload/property/multiImage/
473,473,/upload/property/multiImage/
474,474,/upload/property/multiImage/
475,475,/upload/property/multiImage/
476,476,/upload/property/multiImage/
477,477,/upload/property/multiImage/
478,478,/upload/property/multiImage/
479,479,/upload/property/multiImage/
480,480,/upload/property/multiImage/
481,481,/upload/property/multiImage/
482,482,/upload/property/multiImage/
483,483,/upload/property/multiImage/
484,484,/upload/property/multiImage/
485,485,/upload/property/multiImage/
486,486,/upload/property/multiImage/
487,487,/upload/property/multiImage/
488,488,/upload/property/multiImage/
489,489,/upload/property/multiImage/
490,490,/upload/property/multiImage/
491,491,/upload/property/multiImage/
492,492,/upload/property/multiImage/
493,493,/upload/property/multiImage/
494,494,/upload/property/multiImage/
495,495,/upload/property/multiImage/
496,496,/upload/property/multiImage/
497,497,/upload/property/multiImage/
498,498,/upload/property/multiImage/
499,499,/upload/property/multiImage/
500,500,/upload/property/multiImage/
501,501,/upload/property/multiImage/
502,502,/upload/property/multiImage/
503,503,/upload/property/multiImage/
504,504,/upload/property/multiImage/
505,505,/upload/property/multiImage/
506,506,/upload/property/multiImage/
507,507,/upload/property/multiImage/
508,508,/upload/property/multiImage/
509,509,/upload/property/multiImage/
510,510,/upload/property/multiImage/
511,511,/upload/property/multiImage/
512,512,/upload/property/multiImage/
513,513,/upload/property/multiImage/
514,514,/upload/property/multiImage/
515,515,/upload/property/multiImage/
516,516,/upload/property/multiImage/
517,517,/upload/property/multiImage/
518,518,/upload/property/multiImage/
519,519,/upload/property/multiImage/
520,520,/upload/property/multiImage/
521,521,/upload/property/multiImage/
522,522,/upload/property/multiImage/
523,523,/upload/property/multiImage/
524,524,/upload/property/multiImage/
525,525,/upload/property/multiImage/
526,526,/upload/property/multiImage/
527,527,/upload/property/multiImage/
528,528,/upload/property/multiImage/
529,529,/upload/property/multiImage/
530,530,/upload/property/multiImage/
531,531,/upload/property/multiImage/
532,532,/upload/property/multiImage/
533,533,/upload/property/multiImage/
534,534,/upload/property/multiImage/
535,535,/upload/property/multiImage/
536,536,/upload/property/multiImage/
537,537,/upload/property/multiImage/
539,539,/upload/property/multiImage/
540,540,/upload/property/multiImage/
541,541,/upload/property/multiImage/
542,542,/upload/property/multiImage/
543,543,/upload/property/multiImage/
544,544,/upload/property/multiImage/
545,545,/upload/property/multiImage/
546,546,/upload/property/multiImage/
547,547,/upload/property/multiImage/
548,548,/upload/property/multiImage/
549,549,/upload/property/multiImage/
550,550,/upload/property/multiImage/
551,551,/upload/property/multiImage/
552,552,/upload/property/multiImage/
553,553,/upload/property/multiImage/
554,554,/upload/property/multiImage/
555,555,/upload/property/multiImage/
556,556,/upload/property/multiImage/
557,557,/upload/property/multiImage/
558,558,/upload/property/multiImage/
559,559,/upload/property/multiImage/
560,560,/upload/property/multiImage/
561,561,/upload/property/multiImage/
562,562,/upload/property/multiImage/
563,563,/upload/property/multiImage/
564,564,/upload/property/multiImage/
565,565,/upload/property/multiImage/
566,566,/upload/property/multiImage/
567,567,/upload/property/multiImage/
568,568,/upload/property/multiImage/
569,569,/upload/property/multiImage/
570,570,/upload/property/multiImage/
571,571,/upload/property/multiImage/
572,572,/upload/property/multiImage/
573,573,/upload/property/multiImage/
574,574,/upload/property/multiImage/
575,575,/upload/property/multiImage/
576,576,/upload/property/multiImage/
577,577,/upload/property/multiImage/
578,578,/upload/property/multiImage/
579,579,/upload/property/multiImage/
580,580,/upload/property/multiImage/
581,581,/upload/property/multiImage/
582,582,/upload/property/multiImage/
583,583,/upload/property/multiImage/
584,584,/upload/property/multiImage/
585,585,/upload/property/multiImage/
586,586,/upload/property/multiImage/
587,587,/upload/property/multiImage/
588,588,/upload/property/multiImage/
589,589,/upload/property/multiImage/
590,590,/upload/property/multiImage/
591,591,/upload/property/multiImage/
592,592,/upload/property/multiImage/
593,593,/upload/property/multiImage/
594,594,/upload/property/multiImage/
595,595,/upload/property/multiImage/
596,596,/upload/property/multiImage/
597,597,/upload/property/multiImage/
598,598,/upload/property/multiImage/
599,599,/upload/property/multiImage/
600,600,/upload/property/multiImage/
601,601,/upload/property/multiImage/
602,602,/upload/property/multiImage/
603,603,/upload/property/multiImage/
604,604,/upload/property/multiImage/
605,605,/upload/property/multiImage/
606,606,/upload/property/multiImage/
607,607,/upload/property/multiImage/
608,608,/upload/property/multiImage/
609,609,/upload/property/multiImage/
610,610,/upload/property/multiImage/
611,611,/upload/property/multiImage/
612,612,/upload/property/multiImage/
613,613,/upload/property/multiImage/
614,614,/upload/property/multiImage/
615,615,/upload/property/multiImage/
616,616,/upload/property/multiImage/
617,617,/upload/property/multiImage/
618,618,/upload/property/multiImage/
619,619,/upload/property/multiImage/
620,620,/upload/property/multiImage/
621,621,/upload/property/multiImage/
622,622,/upload/property/multiImage/
623,623,/upload/property/multiImage/
624,624,/upload/property/multiImage/
625,625,/upload/property/multiImage/
626,626,/upload/property/multiImage/
627,627,/upload/property/multiImage/
628,628,/upload/property/multiImage/
629,629,/upload/property/multiImage/
630,630,/upload/property/multiImage/
631,631,/upload/property/multiImage/
632,632,/upload/property/multiImage/
633,633,/upload/property/multiImage/
634,634,/upload/property/multiImage/
635,635,/upload/property/multiImage/
636,636,/upload/property/multiImage/
637,637,/upload/property/multiImage/
638,638,/upload/property/multiImage/
639,639,/upload/property/multiImage/
640,640,/upload/property/multiImage/
641,641,/upload/property/multiImage/
642,642,/upload/property/multiImage/
643,643,/upload/property/multiImage/
644,644,/upload/property/multiImage/
645,645,/upload/property/multiImage/
646,646,/upload/property/multiImage/
647,647,/upload/property/multiImage/
648,648,/upload/property/multiImage/
649,649,/upload/property/multiImage/
650,650,/upload/property/multiImage/
651,651,/upload/property/multiImage/
652,652,/upload/property/multiImage/
653,653,/upload/property/multiImage/
654,654,/upload/property/multiImage/
655,655,/upload/property/multiImage/
656,656,/upload/property/multiImage/
657,657,/upload/property/multiImage/
658,658,/upload/property/multiImage/
659,659,/upload/property/multiImage/
660,660,/upload/property/multiImage/
661,661,/upload/property/multiImage/
662,662,/upload/property/multiImage/
663,663,/upload/property/multiImage/
664,664,/upload/property/multiImage/
665,665,/upload/property/multiImage/
666,666,/upload/property/multiImage/
667,667,/upload/property/multiImage/
668,668,/upload/property/multiImage/
669,669,/upload/property/multiImage/
670,670,/upload/property/multiImage/
671,671,/upload/property/multiImage/
672,672,/upload/property/multiImage/
673,673,/upload/property/multiImage/
674,674,/upload/property/multiImage/
675,675,/upload/property/multiImage/
676,676,/upload/property/multiImage/
677,677,/upload/property/multiImage/
678,678,/upload/property/multiImage/
679,679,/upload/property/multiImage/
680,680,/upload/property/multiImage/
681,681,/upload/property/multiImage/
682,682,/upload/property/multiImage/
683,683,/upload/property/multiImage/
684,684,/upload/property/multiImage/
685,685,/upload/property/multiImage/
686,686,/upload/property/multiImage/
687,687,/upload/property/multiImage/
688,688,/upload/property/multiImage/
689,689,/upload/property/multiImage/
691,691,/upload/property/multiImage/
692,692,/upload/property/multiImage/
693,693,/upload/property/multiImage/
694,694,/upload/property/multiImage/
695,695,/upload/property/multiImage/
696,696,/upload/property/multiImage/
697,697,/upload/property/multiImage/
698,698,/upload/property/multiImage/
699,699,/upload/property/multiImage/
700,700,/upload/property/multiImage/
701,701,/upload/property/multiImage/
702,702,/upload/property/multiImage/
703,703,/upload/property/multiImage/
704,704,/upload/property/multiImage/
705,705,/upload/property/multiImage/
706,706,/upload/property/multiImage/
707,707,/upload/property/multiImage/
708,708,/upload/property/multiImage/
709,709,/upload/property/multiImage/
710,710,/upload/property/multiImage/
711,711,/upload/property/multiImage/
712,712,/upload/property/multiImage/
713,713,/upload/property/multiImage/
714,714,/upload/property/multiImage/
715,715,/upload/property/multiImage/
716,716,/upload/property/multiImage/
717,717,/upload/property/multiImage/
718,718,/upload/property/multiImage/
719,719,/upload/property/multiImage/
720,720,/upload/property/multiImage/
721,721,/upload/property/multiImage/
722,722,/upload/property/multiImage/
723,723,/upload/property/multiImage/
724,724,/upload/property/multiImage/
725,725,/upload/property/multiImage/
726,726,/upload/property/multiImage/
727,727,/upload/property/multiImage/
728,728,/upload/property/multiImage/
729,729,/upload/property/multiImage/
730,730,/upload/property/multiImage/
731,731,/upload/property/multiImage/
732,732,/upload/property/multiImage/
733,733,/upload/property/multiImage/
734,734,/upload/property/multiImage/
735,735,/upload/property/multiImage/
736,736,/upload/property/multiImage/
737,737,/upload/property/multiImage/
738,738,/upload/property/multiImage/
739,739,/upload/property/multiImage/
740,740,/upload/property/multiImage/
741,741,/upload/property/multiImage/
742,742,/upload/property/multiImage/
743,743,/upload/property/multiImage/
744,744,/upload/property/multiImage/
745,745,/upload/property/multiImage/
746,746,/upload/property/multiImage/
747,747,/upload/property/multiImage/
748,748,/upload/property/multiImage/
749,749,/upload/property/multiImage/
750,750,/upload/property/multiImage/
751,751,/upload/property/multiImage/
752,752,/upload/property/multiImage/
753,753,/upload/property/multiImage/
754,754,/upload/property/multiImage/
755,755,/upload/property/multiImage/
756,756,/upload/property/multiImage/
757,757,/upload/property/multiImage/
758,758,/upload/property/multiImage/
759,759,/upload/property/multiImage/
760,760,/upload/property/multiImage/
761,761,/upload/property/multiImage/
762,762,/upload/property/multiImage/
763,763,/upload/property/multiImage/
764,764,/upload/property/multiImage/
765,765,/upload/property/multiImage/
766,766,/upload/property/multiImage/
767,767,/upload/property/multiImage/
768,768,/upload/property/multiImage/
769,769,/upload/property/multiImage/
770,770,/upload/property/multiImage/
771,771,/upload/property/multiImage/
772,772,/upload/property/multiImage/
773,773,/upload/property/multiImage/
774,774,/upload/property/multiImage/
775,775,/upload/property/multiImage/
776,776,/upload/property/multiImage/
777,777,/upload/property/multiImage/
778,778,/upload/property/multiImage/
779,779,/upload/property/multiImage/
780,780,/upload/property/multiImage/
781,781,/upload/property/multiImage/
782,782,/upload/property/multiImage/
783,783,/upload/property/multiImage/
784,784,/upload/property/multiImage/
785,785,/upload/property/multiImage/
786,786,/upload/property/multiImage/
787,787,/upload/property/multiImage/
788,788,/upload/property/multiImage/
789,789,/upload/property/multiImage/
790,790,/upload/property/multiImage/
791,791,/upload/property/multiImage/
792,792,/upload/property/multiImage/
793,793,/upload/property/multiImage/
794,794,/upload/property/multiImage/
795,795,/upload/property/multiImage/
796,796,/upload/property/multiImage/
797,797,/upload/property/multiImage/
798,798,/upload/property/multiImage/
799,799,/upload/property/multiImage/
800,800,/upload/property/multiImage/
801,801,/upload/property/multiImage/
802,802,/upload/property/multiImage/
803,803,/upload/property/multiImage/
804,804,/upload/property/multiImage/
805,805,/upload/property/multiImage/
806,806,/upload/property/multiImage/
807,807,/upload/property/multiImage/
808,808,/upload/property/multiImage/
809,809,/upload/property/multiImage/
810,810,/upload/property/multiImage/
811,811,/upload/property/multiImage/
812,812,/upload/property/multiImage/
813,813,/upload/property/multiImage/
814,814,/upload/property/multiImage/
815,815,/upload/property/multiImage/
816,816,/upload/property/multiImage/
817,817,/upload/property/multiImage/
818,818,/upload/property/multiImage/
819,819,/upload/property/multiImage/
820,820,/upload/property/multiImage/
821,821,/upload/property/multiImage/
822,822,/upload/property/multiImage/
823,823,/upload/property/multiImage/
824,824,/upload/property/multiImage/
825,825,/upload/property/multiImage/
826,826,/upload/property/multiImage/
827,827,/upload/property/multiImage/
828,828,/upload/property/multiImage/
829,829,/upload/property/multiImage/
830,830,/upload/property/multiImage/
831,831,/upload/property/multiImage/
832,832,/upload/property/multiImage/
833,833,/upload/property/multiImage/
834,834,/upload/property/multiImage/
835,835,/upload/property/multiImage/
836,836,/upload/property/multiImage/
837,837,/upload/property/multiImage/
838,838,/upload/property/multiImage/
839,839,/upload/property/multiImage/
840,840,/upload/property/multiImage/
841,841,/upload/property/multiImage/
842,842,/upload/property/multiImage/
843,843,/upload/property/multiImage/
844,844,/upload/property/multiImage/
845,845,/upload/property/multiImage/
846,846,/upload/property/multiImage/
847,847,/upload/property/multiImage/
848,848,/upload/property/multiImage/
849,849,/upload/property/multiImage/
850,850,/upload/property/multiImage/
851,851,/upload/property/multiImage/
852,852,/upload/property/multiImage/
853,853,/upload/property/multiImage/
854,854,/upload/property/multiImage/
855,855,/upload/property/multiImage/
856,856,/upload/property/multiImage/
857,857,/upload/property/multiImage/
858,858,/upload/property/multiImage/
859,859,/upload/property/multiImage/
860,860,/upload/property/multiImage/
861,861,/upload/property/multiImage/
862,862,/upload/property/multiImage/
863,863,/upload/property/multiImage/
864,864,/upload/property/multiImage/
865,865,/upload/property/multiImage/
866,866,/upload/property/multiImage/
867,867,/upload/property/multiImage/
868,868,/upload/property/multiImage/
869,869,/upload/property/multiImage/
870,870,/upload/property/multiImage/
871,871,/upload/property/multiImage/
872,872,/upload/property/multiImage/
873,873,/upload/property/multiImage/
874,874,/upload/property/multiImage/
875,875,/upload/property/multiImage/
876,876,/upload/property/multiImage/
877,877,/upload/property/multiImage/
878,878,/upload/property/multiImage/
879,879,/upload/property/multiImage/
880,880,/upload/property/multiImage/
881,881,/upload/property/multiImage/
882,882,/upload/property/multiImage/
883,883,/upload/property/multiImage/
884,884,/upload/property/multiImage/
885,885,/upload/property/multiImage/
886,886,/upload/property/multiImage/
887,887,/upload/property/multiImage/
888,888,/upload/property/multiImage/
889,889,/upload/property/multiImage/
890,890,/upload/property/multiImage/
891,891,/upload/property/multiImage/
892,892,/upload/property/multiImage/
893,893,/upload/property/multiImage/
894,894,/upload/property/multiImage/
895,895,/upload/property/multiImage/
896,896,/upload/property/multiImage/
897,897,/upload/property/multiImage/
898,898,/upload/property/multiImage/
899,899,/upload/property/multiImage/
900,900,/upload/property/multiImage/
901,901,/upload/property/multiImage/
902,902,/upload/property/multiImage/
903,903,/upload/property/multiImage/
904,904,/upload/property/multiImage/
905,905,/upload/property/multiImage/
906,906,/upload/property/multiImage/
907,907,/upload/property/multiImage/
908,908,/upload/property/multiImage/
909,909,/upload/property/multiImage/
910,910,/upload/property/multiImage/
911,911,/upload/property/multiImage/
912,912,/upload/property/multiImage/
913,913,/upload/property/multiImage/
914,914,/upload/property/multiImage/
915,915,/upload/property/multiImage/
916,916,/upload/property/multiImage/
917,917,/upload/property/multiImage/
918,918,/upload/property/multiImage/
919,919,/upload/property/multiImage/
920,920,/upload/property/multiImage/
921,921,/upload/property/multiImage/
922,922,/upload/property/multiImage/
923,923,/upload/property/multiImage/
924,924,/upload/property/multiImage/
925,925,/upload/property/multiImage/
926,926,/upload/property/multiImage/
927,927,/upload/property/multiImage/
928,928,/upload/property/multiImage/
929,929,/upload/property/multiImage/
930,930,/upload/property/multiImage/
931,931,/upload/property/multiImage/
932,932,/upload/property/multiImage/
933,933,/upload/property/multiImage/
934,934,/upload/property/multiImage/
935,935,/upload/property/multiImage/
936,936,/upload/property/multiImage/
937,937,/upload/property/multiImage/
938,938,/upload/property/multiImage/
939,939,/upload/property/multiImage/
940,940,/upload/property/multiImage/
941,941,/upload/property/multiImage/
942,942,/upload/property/multiImage/
943,943,/upload/property/multiImage/
944,944,/upload/property/multiImage/
945,945,/upload/property/multiImage/
946,946,/upload/property/multiImage/
947,947,/upload/property/multiImage/
948,948,/upload/property/multiImage/
949,949,/upload/property/multiImage/
950,950,/upload/property/multiImage/
951,951,/upload/property/multiImage/
952,952,/upload/property/multiImage/
953,953,/upload/property/multiImage/
954,954,/upload/property/multiImage/
955,955,/upload/property/multiImage/
956,956,/upload/property/multiImage/
957,957,/upload/property/multiImage/
958,958,/upload/property/multiImage/
959,959,/upload/property/multiImage/
960,960,/upload/property/multiImage/
961,961,/upload/property/multiImage/
962,962,/upload/property/multiImage/
963,963,/upload/property/multiImage/
964,964,/upload/property/multiImage/
965,965,/upload/property/multiImage/
966,966,/upload/property/multiImage/
967,967,/upload/property/multiImage/
968,968,/upload/property/multiImage/
969,969,/upload/property/multiImage/
970,970,/upload/property/multiImage/
971,971,/upload/property/multiImage/
972,972,/upload/property/multiImage/
973,973,/upload/property/multiImage/
974,974,/upload/property/multiImage/
975,975,/upload/property/multiImage/
976,976,/upload/property/multiImage/
977,977,/upload/property/multiImage/
978,978,/upload/property/multiImage/
979,979,/upload/property/multiImage/
980,980,/upload/property/multiImage/
981,981,/upload/property/multiImage/
982,982,/upload/property/multiImage/
983,983,/upload/property/multiImage/
984,984,/upload/property/multiImage/
985,985,/upload/property/multiImage/
986,986,/upload/property/multiImage/
987,987,/upload/property/multiImage/
988,988,/upload/property/multiImage/
989,989,/upload/property/multiImage/
990,990,/upload/property/multiImage/
991,991,/upload/property/multiImage/
992,992,/upload/property/multiImage/
993,993,/upload/property/multiImage/
994,994,/upload/property/multiImage/
995,995,/upload/property/multiImage/
996,996,/upload/property/multiImage/
997,997,/upload/property/multiImage/
998,998,/upload/property/multiImage/
999,999,/upload/property/multiImage/
1000,1000,/upload/property/multiImage/
1001,1001,/upload/property/multiImage/
1002,1002,/upload/property/multiImage/
1003,1003,/upload/property/multiImage/
1004,1004,/upload/property/multiImage/
1005,1005,/upload/property/multiImage/
